,A,C,B,E,D,G,F,I,H,K,J,M,L,O,N,Q,P,S,R,U,T,V,Unclustered
0,TATA,TTAA,TTAA,TATA,TTAA,CTAG,TTAA,TATA,TATA,TATA,TATA,TATA,TATA,TTAA,TATA,TATA,TATA,TTAA,TATA,TATA,TATA,TATA,TATA
1,TTAA,AATT,TATA,TTAA,TATA,TTAA,TATA,TTAA,TTAA,TTAA,TTAA,TTAA,ATAT,TATA,TTAA,TTAA,TTAA,TATA,TTAA,CTAG,TTAA,TTAA,TTAA
2,ATAT,TATA,CTAG,ATAT,CTAG,TATA,AATT,CTAG,CTAG,CTAG,CTAG,ATAT,AATT,CTAG,CTAG,ATAT,CTAG,CTAG,ATAT,TTAA,ATAT,CTAG,CTAG
3,AATT,ATAT,AATT,CTAG,ATAT,AATT,CTAG,ATAT,ATAT,ATAT,ATAT,AATT,CTAG,AATT,AATT,CTAG,ATAT,AATT,AATT,ATAT,CTAG,ATAT,AATT
4,CTAG,CTAG,ATAT,AATT,AATT,ATAT,ATAT,AATT,GTAC,AATT,AATT,CTAG,TGCA,ATAT,ATAT,AGCT,AATT,ATAT,CGCG,GTAC,AATT,AATT,ATAT
5,TGCA,GTAC,TGCA,TGCA,ACGT,GTAC,AGCT,GTAC,AATT,CATG,GTAC,ACGT,CATG,TGCA,GTAC,AATT,GTAC,TGCA,CTAG,CATG,TGCA,TGCA,GTAC
6,CATG,TGCA,GTAC,GTAC,TGCA,TGCA,GTAC,AGCT,AGCT,GTAC,AGCT,TGCA,GTAC,GTAC,CATG,TGCA,CATG,GTAC,GATC,GGCC,GTAC,AGCT,TGCA
7,GTAC,ACGT,ACGT,ACGT,GTAC,CATG,TGCA,CATG,TGCA,AGCT,TGCA,GTAC,GATC,ACGT,TGCA,GTAC,TGCA,CATG,TCGA,ACGT,CATG,ACGT,AGCT
8,ACGT,CATG,AGCT,GATC,CATG,AGCT,ACGT,TGCA,CATG,TGCA,ACGT,CATG,TTAA,CATG,AGCT,CATG,ACGT,AGCT,CATG,AGCT,ACGT,GTAC,CATG
9,AGCT,AGCT,CATG,AGCT,CCGG,ACGT,CATG,ACGT,ACGT,ACGT,CATG,AGCT,TCGA,AGCT,ACGT,ACGT,AGCT,ACGT,ACGT,TGCA,AGCT,CCGG,ACGT
10,GCGC,GATC,GATC,CATG,AGCT,GATC,GGCC,GATC,GGCC,GATC,GATC,CCGG,AGCT,GATC,GATC,GATC,GGCC,GATC,GCGC,CCGG,GATC,CATG,GATC
11,GGCC,CGCG,TCGA,CCGG,GGCC,GGCC,TCGA,CCGG,TCGA,TCGA,TCGA,GCGC,ACGT,TCGA,TCGA,TCGA,GATC,TCGA,TGCA,GCGC,TCGA,GGCC,TCGA
12,CGCG,TCGA,GGCC,TCGA,TCGA,TCGA,GATC,TCGA,GATC,CCGG,CCGG,CGCG,GGCC,CCGG,CCGG,GCGC,CCGG,CCGG,AGCT,CGCG,CCGG,GATC,GGCC
13,GATC,GCGC,CCGG,GGCC,CGCG,CCGG,GCGC,GGCC,CCGG,GGCC,GGCC,GATC,CCGG,GGCC,GGCC,GGCC,TCGA,GGCC,CCGG,AATT,GCGC,CGCG,CCGG
14,TCGA,CCGG,GCGC,GCGC,GATC,GCGC,CCGG,GCGC,GCGC,CGCG,CGCG,TCGA,CGCG,GCGC,GCGC,CCGG,CGCG,GCGC,GTAC,GATC,GGCC,TCGA,GCGC
15,CCGG,GGCC,CGCG,CGCG,GCGC,CGCG,CGCG,CGCG,CGCG,GCGC,GCGC,GGCC,GCGC,CGCG,CGCG,CGCG,GCGC,CGCG,GGCC,TCGA,CGCG,GCGC,CGCG
